[
{
  "pk": 1, 
  "model": "contenttypes.contenttype", 
  "fields": {
    "model": "logentry", 
    "name": "log entry", 
    "app_label": "admin"
  }
},
{
  "pk": 2, 
  "model": "contenttypes.contenttype", 
  "fields": {
    "model": "permission", 
    "name": "permission", 
    "app_label": "auth"
  }
},
{
  "pk": 3, 
  "model": "contenttypes.contenttype", 
  "fields": {
    "model": "group", 
    "name": "group", 
    "app_label": "auth"
  }
},
{
  "pk": 4, 
  "model": "contenttypes.contenttype", 
  "fields": {
    "model": "user", 
    "name": "user", 
    "app_label": "auth"
  }
},
{
  "pk": 5, 
  "model": "contenttypes.contenttype", 
  "fields": {
    "model": "contenttype", 
    "name": "content type", 
    "app_label": "contenttypes"
  }
},
{
  "pk": 6, 
  "model": "contenttypes.contenttype", 
  "fields": {
    "model": "session", 
    "name": "session", 
    "app_label": "sessions"
  }
},
{
  "pk": 7, 
  "model": "contenttypes.contenttype", 
  "fields": {
    "model": "specialty", 
    "name": "specialty", 
    "app_label": "course"
  }
},
{
  "pk": 8, 
  "model": "contenttypes.contenttype", 
  "fields": {
    "model": "course", 
    "name": "course", 
    "app_label": "course"
  }
},
{
  "pk": 9, 
  "model": "contenttypes.contenttype", 
  "fields": {
    "model": "membership", 
    "name": "membership", 
    "app_label": "course"
  }
},
{
  "pk": 10, 
  "model": "contenttypes.contenttype", 
  "fields": {
    "model": "lector", 
    "name": "lector", 
    "app_label": "lector"
  }
},
{
  "pk": 11, 
  "model": "contenttypes.contenttype", 
  "fields": {
    "model": "lecture", 
    "name": "lecture", 
    "app_label": "lector"
  }
},
{
  "pk": 12, 
  "model": "contenttypes.contenttype", 
  "fields": {
    "model": "student", 
    "name": "student", 
    "app_label": "student"
  }
},
{
  "pk": 13, 
  "model": "contenttypes.contenttype", 
  "fields": {
    "model": "task", 
    "name": "task", 
    "app_label": "task"
  }
},
{
  "pk": 15, 
  "model": "contenttypes.contenttype", 
  "fields": {
    "model": "lectorcourse", 
    "name": "lector course", 
    "app_label": "lector"
  }
},
{
  "pk": "5f16quv6r1wk74hszqmzt85wx1f4i7zg", 
  "model": "sessions.session", 
  "fields": {
    "expire_date": "2015-02-19T15:46:12.923Z", 
    "session_data": "MTVkYTBhNWYzNWU2ZDNkOWFiNzNhNzdkOGYzNDE3MDkzZmM1MDYyZDp7Il9hdXRoX3VzZXJfYmFja2VuZCI6ImJhY2tlbmRzLkVtYWlsQXV0aEJhY2tlbmQiLCJfYXV0aF91c2VyX2hhc2giOiJmYTcyNzFiZGU2NTUzMTk0NzI4ODUxYzBkMGVhNzQ2YjM2YzNlN2IyIiwiX2F1dGhfdXNlcl9pZCI6MTJ9"
  }
},
{
  "pk": "jol23v9ubm5lr2ie63f09isd2cxooqte", 
  "model": "sessions.session", 
  "fields": {
    "expire_date": "2015-02-19T20:51:44.601Z", 
    "session_data": "M2RmYzkxMjBmMWViYWUyYzBlMTYxZDNiMWE5MmMyYzFiM2IyNTMwZTp7fQ=="
  }
},
{
  "pk": 1, 
  "model": "course.specialty", 
  "fields": {
    "name": "\u041a\u043e\u043c\u043f\u044e\u0442\u044a\u0440\u043d\u0438 \u043d\u0430\u0443\u043a\u0438"
  }
},
{
  "pk": 2, 
  "model": "course.specialty", 
  "fields": {
    "name": "\u0421\u043e\u0444\u0442\u0443\u0435\u0440\u043d\u043e \u0438\u043d\u0436\u0438\u043d\u0435\u0440\u0441\u0442\u0432\u043e"
  }
},
{
  "pk": 3, 
  "model": "course.specialty", 
  "fields": {
    "name": "\u0418\u043d\u0444\u043e\u0440\u043c\u0430\u0446\u0438\u043e\u043d\u043d\u0438 \u0442\u0435\u0445\u043d\u043e\u043b\u043e\u0433\u0438\u0438"
  }
},
{
  "pk": 4, 
  "model": "course.specialty", 
  "fields": {
    "name": "\u0418\u043d\u0444\u043e\u0440\u043c\u0430\u0442\u0438\u043a\u0430"
  }
},
{
  "pk": 1, 
  "model": "course.course", 
  "fields": {
    "name": "Mnogo qko e be"
  }
},
{
  "pk": 2, 
  "model": "course.course", 
  "fields": {
    "name": "Ne znam kakvo stana"
  }
},
{
  "pk": 3, 
  "model": "course.course", 
  "fields": {
    "name": "Ne znam kakvo stana"
  }
},
{
  "pk": 4, 
  "model": "course.course", 
  "fields": {
    "name": "dawd aw daw"
  }
},
{
  "pk": 5, 
  "model": "course.course", 
  "fields": {
    "name": "dawd aw daw"
  }
},
{
  "pk": 6, 
  "model": "course.course", 
  "fields": {
    "name": "dawd aw daw"
  }
},
{
  "pk": 7, 
  "model": "course.course", 
  "fields": {
    "name": "dawdawf"
  }
},
{
  "pk": 8, 
  "model": "course.course", 
  "fields": {
    "name": "dawdawf"
  }
},
{
  "pk": 9, 
  "model": "course.course", 
  "fields": {
    "name": "dawd d QD Qd"
  }
},
{
  "pk": 10, 
  "model": "course.course", 
  "fields": {
    "name": "dawd d QD Qd"
  }
},
{
  "pk": 11, 
  "model": "course.course", 
  "fields": {
    "name": "fw afaw faw"
  }
},
{
  "pk": 12, 
  "model": "course.course", 
  "fields": {
    "name": "\u041d\u043e\u0432 \u041a\u0443\u0440\u0441"
  }
},
{
  "pk": 13, 
  "model": "course.course", 
  "fields": {
    "name": "\u0413\u043e\u0448\u043e \u041a\u0443\u0440\u0441\u0430"
  }
},
{
  "pk": 14, 
  "model": "course.course", 
  "fields": {
    "name": "Moqt Kurs"
  }
},
{
  "pk": 15, 
  "model": "course.course", 
  "fields": {
    "name": "Mnoooogo"
  }
},
{
  "pk": 1, 
  "model": "course.membership", 
  "fields": {
    "course": 4, 
    "semester": 1, 
    "specialty": 1
  }
},
{
  "pk": 2, 
  "model": "course.membership", 
  "fields": {
    "course": 5, 
    "semester": 1, 
    "specialty": 1
  }
},
{
  "pk": 3, 
  "model": "course.membership", 
  "fields": {
    "course": 6, 
    "semester": 1, 
    "specialty": 1
  }
},
{
  "pk": 4, 
  "model": "course.membership", 
  "fields": {
    "course": 7, 
    "semester": 4, 
    "specialty": 2
  }
},
{
  "pk": 5, 
  "model": "course.membership", 
  "fields": {
    "course": 7, 
    "semester": 3, 
    "specialty": 3
  }
},
{
  "pk": 6, 
  "model": "course.membership", 
  "fields": {
    "course": 7, 
    "semester": 3, 
    "specialty": 4
  }
},
{
  "pk": 7, 
  "model": "course.membership", 
  "fields": {
    "course": 8, 
    "semester": 4, 
    "specialty": 2
  }
},
{
  "pk": 8, 
  "model": "course.membership", 
  "fields": {
    "course": 8, 
    "semester": 3, 
    "specialty": 3
  }
},
{
  "pk": 9, 
  "model": "course.membership", 
  "fields": {
    "course": 8, 
    "semester": 3, 
    "specialty": 4
  }
},
{
  "pk": 10, 
  "model": "course.membership", 
  "fields": {
    "course": 9, 
    "semester": 1, 
    "specialty": 1
  }
},
{
  "pk": 11, 
  "model": "course.membership", 
  "fields": {
    "course": 9, 
    "semester": 3, 
    "specialty": 2
  }
},
{
  "pk": 12, 
  "model": "course.membership", 
  "fields": {
    "course": 10, 
    "semester": 1, 
    "specialty": 1
  }
},
{
  "pk": 13, 
  "model": "course.membership", 
  "fields": {
    "course": 10, 
    "semester": 3, 
    "specialty": 2
  }
},
{
  "pk": 14, 
  "model": "course.membership", 
  "fields": {
    "course": 11, 
    "semester": 3, 
    "specialty": 3
  }
},
{
  "pk": 15, 
  "model": "course.membership", 
  "fields": {
    "course": 11, 
    "semester": 8, 
    "specialty": 2
  }
},
{
  "pk": 16, 
  "model": "course.membership", 
  "fields": {
    "course": 12, 
    "semester": 1, 
    "specialty": 1
  }
},
{
  "pk": 17, 
  "model": "course.membership", 
  "fields": {
    "course": 13, 
    "semester": 7, 
    "specialty": 1
  }
},
{
  "pk": 18, 
  "model": "course.membership", 
  "fields": {
    "course": 14, 
    "semester": 4, 
    "specialty": 2
  }
},
{
  "pk": 19, 
  "model": "course.membership", 
  "fields": {
    "course": 15, 
    "semester": 2, 
    "specialty": 1
  }
},
{
  "pk": 1, 
  "model": "lector.lecture", 
  "fields": {
    "name": "League of Legends.desktop", 
    "created": "2015-02-05T10:36:31.265Z", 
    "lector": 1, 
    "course": 12, 
    "path": "1/\u041d\u043e\u0432 \u041a\u0443\u0440\u0441/League of Legends.desktop", 
    "size": "30MB"
  }
},
{
  "pk": 2, 
  "model": "lector.lecture", 
  "fields": {
    "name": "League of Legends.desktop", 
    "created": "2015-02-05T10:37:55.643Z", 
    "lector": 1, 
    "course": 12, 
    "path": "1/\u041d\u043e\u0432 \u041a\u0443\u0440\u0441/League of Legends.desktop", 
    "size": "30MB"
  }
},
{
  "pk": 3, 
  "model": "lector.lecture", 
  "fields": {
    "name": "temp.png", 
    "created": "2015-02-05T10:37:55.907Z", 
    "lector": 1, 
    "course": 12, 
    "path": "1/\u041d\u043e\u0432 \u041a\u0443\u0440\u0441/temp.png", 
    "size": "30MB"
  }
},
{
  "pk": 4, 
  "model": "lector.lecture", 
  "fields": {
    "name": "temp.png", 
    "created": "2015-02-05T11:38:48.666Z", 
    "lector": 1, 
    "course": 8, 
    "path": "1/dawdawf/temp.png", 
    "size": "1290777"
  }
},
{
  "pk": 5, 
  "model": "lector.lecture", 
  "fields": {
    "name": "League of Legends.desktop", 
    "created": "2015-02-05T11:50:08.932Z", 
    "lector": 1, 
    "course": 12, 
    "path": "1/12/League of Legends.desktop", 
    "size": "324"
  }
},
{
  "pk": 10, 
  "model": "lector.lecture", 
  "fields": {
    "name": "League of Legends.desktop", 
    "created": "2015-02-05T15:46:43.037Z", 
    "lector": 2, 
    "course": 13, 
    "path": "2/13/League_of_Legends.desktop", 
    "size": "324"
  }
},
{
  "pk": 11, 
  "model": "lector.lecture", 
  "fields": {
    "name": "temp.png", 
    "created": "2015-02-05T15:46:43.041Z", 
    "lector": 2, 
    "course": 13, 
    "path": "2/13/temp.png", 
    "size": "1290777"
  }
},
{
  "pk": 12, 
  "model": "lector.lecture", 
  "fields": {
    "name": "League of Legends.desktop", 
    "created": "2015-02-05T18:43:09.854Z", 
    "lector": 2, 
    "course": 15, 
    "path": "2/15/League_of_Legends.desktop", 
    "size": "324"
  }
},
{
  "pk": 13, 
  "model": "lector.lecture", 
  "fields": {
    "name": "temp.png", 
    "created": "2015-02-05T18:43:09.856Z", 
    "lector": 2, 
    "course": 15, 
    "path": "2/15/temp.png", 
    "size": "1290777"
  }
},
{
  "pk": 1, 
  "model": "lector.lectorcourse", 
  "fields": {
    "course": 8, 
    "lector": 1
  }
},
{
  "pk": 2, 
  "model": "lector.lectorcourse", 
  "fields": {
    "course": 9, 
    "lector": 1
  }
},
{
  "pk": 3, 
  "model": "lector.lectorcourse", 
  "fields": {
    "course": 10, 
    "lector": 1
  }
},
{
  "pk": 4, 
  "model": "lector.lectorcourse", 
  "fields": {
    "course": 11, 
    "lector": 1
  }
},
{
  "pk": 5, 
  "model": "lector.lectorcourse", 
  "fields": {
    "course": 12, 
    "lector": 1
  }
},
{
  "pk": 6, 
  "model": "lector.lectorcourse", 
  "fields": {
    "course": 13, 
    "lector": 2
  }
},
{
  "pk": 7, 
  "model": "lector.lectorcourse", 
  "fields": {
    "course": 14, 
    "lector": 3
  }
},
{
  "pk": 8, 
  "model": "lector.lectorcourse", 
  "fields": {
    "course": 15, 
    "lector": 2
  }
},
{
  "pk": 1, 
  "model": "task.task", 
  "fields": {
    "course": 14, 
    "created": "2015-02-05T18:12:28.415Z", 
    "lector": 3, 
    "expire": "2015-02-05T18:12:28.415Z", 
    "description": "vafawf awf w"
  }
},
{
  "pk": 2, 
  "model": "task.task", 
  "fields": {
    "course": 14, 
    "created": "2015-02-05T18:16:23.138Z", 
    "lector": 3, 
    "expire": "2015-02-05T18:16:23.139Z", 
    "description": "dawd awd awd awd awd aw daw "
  }
},
{
  "pk": 3, 
  "model": "task.task", 
  "fields": {
    "course": 14, 
    "created": "2015-02-05T18:18:41.492Z", 
    "lector": 3, 
    "expire": "2015-02-05T18:18:41.492Z", 
    "description": "faw faw f g aw gwa"
  }
},
{
  "pk": 4, 
  "model": "task.task", 
  "fields": {
    "course": 14, 
    "created": "2015-02-05T18:20:24.008Z", 
    "lector": 3, 
    "expire": "2015-02-05T18:20:24.008Z", 
    "description": "faw fwa faw gawg awg aw gaw gaw gwa"
  }
},
{
  "pk": 5, 
  "model": "task.task", 
  "fields": {
    "course": 14, 
    "created": "2015-02-05T18:22:38.637Z", 
    "lector": 3, 
    "expire": "2015-02-05T18:22:38.637Z", 
    "description": "Last one"
  }
},
{
  "pk": 6, 
  "model": "task.task", 
  "fields": {
    "course": 14, 
    "created": "2015-02-05T18:25:02.941Z", 
    "lector": 3, 
    "expire": "2015-03-01T00:00:00Z", 
    "description": "da daw daw gawg awg awg aw"
  }
},
{
  "pk": 7, 
  "model": "task.task", 
  "fields": {
    "course": 14, 
    "created": "2015-02-05T18:34:10.945Z", 
    "lector": 3, 
    "expire": "2015-03-01T00:00:00Z", 
    "description": "\u041c\u041d\u043e\u0433\u043e \u0433\u043e\u0442\u0438\u043d\u0447\u0430\u043e\u0434 \u043e\u0434\u0430\u0432 \u0434\u0430 \u0433\u0430\u0432 \u0444\u0432\u0430"
  }
},
{
  "pk": 8, 
  "model": "task.task", 
  "fields": {
    "course": 13, 
    "created": "2015-02-05T18:41:07.368Z", 
    "lector": 2, 
    "expire": "2015-03-01T00:00:00Z", 
    "description": "\u041d\u043e\u0432\u0430 \u0437\u0430\u0434\u0430\u0447\u0430"
  }
},
{
  "pk": 9, 
  "model": "task.task", 
  "fields": {
    "course": 15, 
    "created": "2015-02-05T18:58:47.142Z", 
    "lector": 2, 
    "expire": "2015-03-01T00:00:00Z", 
    "description": "\u041a\u0430\u043a \u0435 \u0430 ?"
  }
},
{
  "pk": 1, 
  "model": "auth.permission", 
  "fields": {
    "codename": "add_logentry", 
    "name": "Can add log entry", 
    "content_type": 1
  }
},
{
  "pk": 2, 
  "model": "auth.permission", 
  "fields": {
    "codename": "change_logentry", 
    "name": "Can change log entry", 
    "content_type": 1
  }
},
{
  "pk": 3, 
  "model": "auth.permission", 
  "fields": {
    "codename": "delete_logentry", 
    "name": "Can delete log entry", 
    "content_type": 1
  }
},
{
  "pk": 4, 
  "model": "auth.permission", 
  "fields": {
    "codename": "add_permission", 
    "name": "Can add permission", 
    "content_type": 2
  }
},
{
  "pk": 5, 
  "model": "auth.permission", 
  "fields": {
    "codename": "change_permission", 
    "name": "Can change permission", 
    "content_type": 2
  }
},
{
  "pk": 6, 
  "model": "auth.permission", 
  "fields": {
    "codename": "delete_permission", 
    "name": "Can delete permission", 
    "content_type": 2
  }
},
{
  "pk": 7, 
  "model": "auth.permission", 
  "fields": {
    "codename": "add_group", 
    "name": "Can add group", 
    "content_type": 3
  }
},
{
  "pk": 8, 
  "model": "auth.permission", 
  "fields": {
    "codename": "change_group", 
    "name": "Can change group", 
    "content_type": 3
  }
},
{
  "pk": 9, 
  "model": "auth.permission", 
  "fields": {
    "codename": "delete_group", 
    "name": "Can delete group", 
    "content_type": 3
  }
},
{
  "pk": 10, 
  "model": "auth.permission", 
  "fields": {
    "codename": "add_user", 
    "name": "Can add user", 
    "content_type": 4
  }
},
{
  "pk": 11, 
  "model": "auth.permission", 
  "fields": {
    "codename": "change_user", 
    "name": "Can change user", 
    "content_type": 4
  }
},
{
  "pk": 12, 
  "model": "auth.permission", 
  "fields": {
    "codename": "delete_user", 
    "name": "Can delete user", 
    "content_type": 4
  }
},
{
  "pk": 13, 
  "model": "auth.permission", 
  "fields": {
    "codename": "add_contenttype", 
    "name": "Can add content type", 
    "content_type": 5
  }
},
{
  "pk": 14, 
  "model": "auth.permission", 
  "fields": {
    "codename": "change_contenttype", 
    "name": "Can change content type", 
    "content_type": 5
  }
},
{
  "pk": 15, 
  "model": "auth.permission", 
  "fields": {
    "codename": "delete_contenttype", 
    "name": "Can delete content type", 
    "content_type": 5
  }
},
{
  "pk": 16, 
  "model": "auth.permission", 
  "fields": {
    "codename": "add_session", 
    "name": "Can add session", 
    "content_type": 6
  }
},
{
  "pk": 17, 
  "model": "auth.permission", 
  "fields": {
    "codename": "change_session", 
    "name": "Can change session", 
    "content_type": 6
  }
},
{
  "pk": 18, 
  "model": "auth.permission", 
  "fields": {
    "codename": "delete_session", 
    "name": "Can delete session", 
    "content_type": 6
  }
},
{
  "pk": 19, 
  "model": "auth.permission", 
  "fields": {
    "codename": "add_specialty", 
    "name": "Can add specialty", 
    "content_type": 7
  }
},
{
  "pk": 20, 
  "model": "auth.permission", 
  "fields": {
    "codename": "change_specialty", 
    "name": "Can change specialty", 
    "content_type": 7
  }
},
{
  "pk": 21, 
  "model": "auth.permission", 
  "fields": {
    "codename": "delete_specialty", 
    "name": "Can delete specialty", 
    "content_type": 7
  }
},
{
  "pk": 22, 
  "model": "auth.permission", 
  "fields": {
    "codename": "add_course", 
    "name": "Can add course", 
    "content_type": 8
  }
},
{
  "pk": 23, 
  "model": "auth.permission", 
  "fields": {
    "codename": "change_course", 
    "name": "Can change course", 
    "content_type": 8
  }
},
{
  "pk": 24, 
  "model": "auth.permission", 
  "fields": {
    "codename": "delete_course", 
    "name": "Can delete course", 
    "content_type": 8
  }
},
{
  "pk": 25, 
  "model": "auth.permission", 
  "fields": {
    "codename": "add_membership", 
    "name": "Can add membership", 
    "content_type": 9
  }
},
{
  "pk": 26, 
  "model": "auth.permission", 
  "fields": {
    "codename": "change_membership", 
    "name": "Can change membership", 
    "content_type": 9
  }
},
{
  "pk": 27, 
  "model": "auth.permission", 
  "fields": {
    "codename": "delete_membership", 
    "name": "Can delete membership", 
    "content_type": 9
  }
},
{
  "pk": 28, 
  "model": "auth.permission", 
  "fields": {
    "codename": "add_lector", 
    "name": "Can add lector", 
    "content_type": 10
  }
},
{
  "pk": 29, 
  "model": "auth.permission", 
  "fields": {
    "codename": "change_lector", 
    "name": "Can change lector", 
    "content_type": 10
  }
},
{
  "pk": 30, 
  "model": "auth.permission", 
  "fields": {
    "codename": "delete_lector", 
    "name": "Can delete lector", 
    "content_type": 10
  }
},
{
  "pk": 31, 
  "model": "auth.permission", 
  "fields": {
    "codename": "add_lecture", 
    "name": "Can add lecture", 
    "content_type": 11
  }
},
{
  "pk": 32, 
  "model": "auth.permission", 
  "fields": {
    "codename": "change_lecture", 
    "name": "Can change lecture", 
    "content_type": 11
  }
},
{
  "pk": 33, 
  "model": "auth.permission", 
  "fields": {
    "codename": "delete_lecture", 
    "name": "Can delete lecture", 
    "content_type": 11
  }
},
{
  "pk": 34, 
  "model": "auth.permission", 
  "fields": {
    "codename": "add_student", 
    "name": "Can add student", 
    "content_type": 12
  }
},
{
  "pk": 35, 
  "model": "auth.permission", 
  "fields": {
    "codename": "change_student", 
    "name": "Can change student", 
    "content_type": 12
  }
},
{
  "pk": 36, 
  "model": "auth.permission", 
  "fields": {
    "codename": "delete_student", 
    "name": "Can delete student", 
    "content_type": 12
  }
},
{
  "pk": 37, 
  "model": "auth.permission", 
  "fields": {
    "codename": "add_task", 
    "name": "Can add task", 
    "content_type": 13
  }
},
{
  "pk": 38, 
  "model": "auth.permission", 
  "fields": {
    "codename": "change_task", 
    "name": "Can change task", 
    "content_type": 13
  }
},
{
  "pk": 39, 
  "model": "auth.permission", 
  "fields": {
    "codename": "delete_task", 
    "name": "Can delete task", 
    "content_type": 13
  }
},
{
  "pk": 43, 
  "model": "auth.permission", 
  "fields": {
    "codename": "add_lectorcourse", 
    "name": "Can add lector course", 
    "content_type": 15
  }
},
{
  "pk": 44, 
  "model": "auth.permission", 
  "fields": {
    "codename": "change_lectorcourse", 
    "name": "Can change lector course", 
    "content_type": 15
  }
},
{
  "pk": 45, 
  "model": "auth.permission", 
  "fields": {
    "codename": "delete_lectorcourse", 
    "name": "Can delete lector course", 
    "content_type": 15
  }
},
{
  "pk": 1, 
  "model": "auth.user", 
  "fields": {
    "username": "georgi", 
    "first_name": "", 
    "last_name": "", 
    "is_active": true, 
    "is_superuser": true, 
    "is_staff": true, 
    "last_login": "2015-02-04T20:03:15.108Z", 
    "groups": [], 
    "user_permissions": [], 
    "password": "pbkdf2_sha256$15000$N6glg9zjO5id$u6U3HiB8dkPCJrQnuQEFLwGcnoBJKA/7dwJtRnviT/E=", 
    "email": "", 
    "date_joined": "2015-02-04T20:03:15.108Z"
  }
},
{
  "pk": 2, 
  "model": "auth.user", 
  "fields": {
    "username": "k13nidww9m5uhxhu", 
    "first_name": "\u0413\u0435\u043e\u0440\u0433\u0438", 
    "last_name": "\u0416\u0443\u0445\u043e\u0432", 
    "is_active": true, 
    "is_superuser": false, 
    "is_staff": false, 
    "last_login": "2015-02-04T23:19:57.351Z", 
    "groups": [], 
    "user_permissions": [], 
    "password": "pbkdf2_sha256$15000$uQESNFJqAN5Q$e2/Z88Ovf4/2UEL/60SG7xOD31ZBqFByEZ5wSNGO1h8=", 
    "email": "zhuhov@gmail.com", 
    "date_joined": "2015-02-04T22:37:17.016Z"
  }
},
{
  "pk": 3, 
  "model": "auth.user", 
  "fields": {
    "username": "ephfw6hbcenjxzvp", 
    "first_name": "\u0413\u0435\u043e\u0440\u0433\u0438", 
    "last_name": "\u0416\u0443\u0445\u043e\u0432", 
    "is_active": true, 
    "is_superuser": false, 
    "is_staff": false, 
    "last_login": "2015-02-04T22:38:17.692Z", 
    "groups": [], 
    "user_permissions": [], 
    "password": "pbkdf2_sha256$15000$g90hQKEgNPgn$cxWScuHDgnH5D1hqsNOm3gnbOcs5raCNrRj+fTdIx1w=", 
    "email": "zhuhov2@gmail.com", 
    "date_joined": "2015-02-04T22:38:17.692Z"
  }
},
{
  "pk": 4, 
  "model": "auth.user", 
  "fields": {
    "username": "3s163b7dty1zfban", 
    "first_name": "\u0413\u0435\u043e\u0440\u0433\u0438", 
    "last_name": "\u0416\u0443\u0445\u043e\u0432", 
    "is_active": true, 
    "is_superuser": false, 
    "is_staff": false, 
    "last_login": "2015-02-04T22:39:11.171Z", 
    "groups": [], 
    "user_permissions": [], 
    "password": "pbkdf2_sha256$15000$xcg4opZgkrHa$RF4ivUI4V9zjYhzurcrZF/479IKPMRHv5AQM8tDQqy4=", 
    "email": "zhuhov3@gmail.com", 
    "date_joined": "2015-02-04T22:39:11.171Z"
  }
},
{
  "pk": 5, 
  "model": "auth.user", 
  "fields": {
    "username": "s0nyxo79uvr7gbpi", 
    "first_name": "\u0413\u0435\u043e\u0440\u0433\u0438", 
    "last_name": "\u0416\u0443\u0445\u043e\u0432", 
    "is_active": true, 
    "is_superuser": false, 
    "is_staff": false, 
    "last_login": "2015-02-04T22:46:38.450Z", 
    "groups": [], 
    "user_permissions": [], 
    "password": "pbkdf2_sha256$15000$ufqHeOZWPY7p$2TAEavLIU63WYhh/r58xen9308mgFt/Phzguk169zPs=", 
    "email": "zhuhov4@gmail.com", 
    "date_joined": "2015-02-04T22:46:38.450Z"
  }
},
{
  "pk": 6, 
  "model": "auth.user", 
  "fields": {
    "username": "6mdzj19l7jez7uv2", 
    "first_name": "GEffwad", 
    "last_name": "gwadaw", 
    "is_active": true, 
    "is_superuser": false, 
    "is_staff": false, 
    "last_login": "2015-02-04T22:48:42.568Z", 
    "groups": [], 
    "user_permissions": [], 
    "password": "pbkdf2_sha256$15000$CYZa3jF6IMHG$fa/liPJYuHr5m4aoJmjoe00r+5zO7soqoPyHk6F437k=", 
    "email": "fwafwa@asd.bg", 
    "date_joined": "2015-02-04T22:48:42.568Z"
  }
},
{
  "pk": 7, 
  "model": "auth.user", 
  "fields": {
    "username": "h7c0d38nuhb161gr", 
    "first_name": "dawgaw", 
    "last_name": "fawfaw", 
    "is_active": true, 
    "is_superuser": false, 
    "is_staff": false, 
    "last_login": "2015-02-04T22:51:58.244Z", 
    "groups": [], 
    "user_permissions": [], 
    "password": "pbkdf2_sha256$15000$ELJyAHEoiZ2y$Wbd1zqY5axctgxT+ypGmFf2By/xBdusptwBPJzMUmZ4=", 
    "email": "fawfaw@asd.bg", 
    "date_joined": "2015-02-04T22:51:58.244Z"
  }
},
{
  "pk": 8, 
  "model": "auth.user", 
  "fields": {
    "username": "cy12qsjcywqx7dmz", 
    "first_name": "dawgaw", 
    "last_name": "fawfaw", 
    "is_active": true, 
    "is_superuser": false, 
    "is_staff": false, 
    "last_login": "2015-02-04T22:56:23.925Z", 
    "groups": [], 
    "user_permissions": [], 
    "password": "pbkdf2_sha256$15000$hwGVfwzdFdN9$iICTRvY8X9VJqwsZyjPiRPvn9F+55oNCSDCQxnbTlQs=", 
    "email": "fawfa2w@asd.bg", 
    "date_joined": "2015-02-04T22:56:23.925Z"
  }
},
{
  "pk": 9, 
  "model": "auth.user", 
  "fields": {
    "username": "5frusoq94190r5nt", 
    "first_name": "dawgaw", 
    "last_name": "fawfaw", 
    "is_active": true, 
    "is_superuser": false, 
    "is_staff": false, 
    "last_login": "2015-02-04T22:57:04.746Z", 
    "groups": [], 
    "user_permissions": [], 
    "password": "pbkdf2_sha256$15000$voDRsITdIdyt$oN1wUOaGWMFrdz8sWDv9YZiCN5+TDHwte8U/ZyM3swA=", 
    "email": "2fawfa2w@asd.bg", 
    "date_joined": "2015-02-04T22:57:03.944Z"
  }
},
{
  "pk": 10, 
  "model": "auth.user", 
  "fields": {
    "username": "vnyeq0ibqfvdes7s", 
    "first_name": "\u0413\u0435\u043e\u0440\u0433\u0438", 
    "last_name": "\u0416\u0443\u0445\u043e\u0432", 
    "is_active": true, 
    "is_superuser": false, 
    "is_staff": false, 
    "last_login": "2015-02-04T23:47:00.441Z", 
    "groups": [], 
    "user_permissions": [], 
    "password": "pbkdf2_sha256$15000$NRMsY2QTvuqf$DMG7oSh/vgW0KIWNwcjb0W0fv+OC9OgjjndjRj+0PSU=", 
    "email": "me@me.me3", 
    "date_joined": "2015-02-04T23:46:59.731Z"
  }
},
{
  "pk": 11, 
  "model": "auth.user", 
  "fields": {
    "username": "7mjr6dg52nmnqfnc", 
    "first_name": "\u0417\u0434\u0440\u0430\u0432\u043a\u043e", 
    "last_name": "\u041f\u0435\u0442\u0440\u043e\u0432", 
    "is_active": true, 
    "is_superuser": false, 
    "is_staff": false, 
    "last_login": "2015-02-05T16:26:16.064Z", 
    "groups": [], 
    "user_permissions": [], 
    "password": "pbkdf2_sha256$15000$rBu3Fl8oPpzz$7p43W+mVhhEgi+VsniCNSm95eEjal73avw6e9tMduY8=", 
    "email": "me@me.me5", 
    "date_joined": "2015-02-05T14:05:40.950Z"
  }
},
{
  "pk": 12, 
  "model": "auth.user", 
  "fields": {
    "username": "oqbni46ys2hs57rh", 
    "first_name": "\u0410\u0437\u043e\u0432", 
    "last_name": "\u0414\u0435\u0431\u0435\u043b\u0438\u044f", 
    "is_active": true, 
    "is_superuser": false, 
    "is_staff": false, 
    "last_login": "2015-02-05T15:46:12.743Z", 
    "groups": [], 
    "user_permissions": [], 
    "password": "pbkdf2_sha256$15000$wYCEBsjiuo11$LTphXoMsm1a5kG2FlpPVCgR0AI+aSbmJ0twKxv7RH00=", 
    "email": "me@me.lector", 
    "date_joined": "2015-02-05T15:46:11.838Z"
  }
},
{
  "pk": 13, 
  "model": "auth.user", 
  "fields": {
    "username": "81g1u9b9nj3d3rc2", 
    "first_name": "\u0410\u0437 \u0431\u0435", 
    "last_name": "\u0422\u044a\u043f\u0430\u043a", 
    "is_active": true, 
    "is_superuser": false, 
    "is_staff": false, 
    "last_login": "2015-02-05T16:26:50.720Z", 
    "groups": [], 
    "user_permissions": [], 
    "password": "pbkdf2_sha256$15000$WQKnYqit2Xn1$agZ4m8AauvqVoUaV5Ta38pSb5ujAlNBXrK+XRNEFCas=", 
    "email": "mer@me.as", 
    "date_joined": "2015-02-05T16:26:50.050Z"
  }
},
{
  "pk": 14, 
  "model": "auth.user", 
  "fields": {
    "username": "r93rawpnw3lkl5kb", 
    "first_name": "\u041d\u043e\u0432", 
    "last_name": "\u0441\u0442\u0443\u0434\u0435\u043d\u0442", 
    "is_active": true, 
    "is_superuser": false, 
    "is_staff": false, 
    "last_login": "2015-02-05T18:39:34.576Z", 
    "groups": [], 
    "user_permissions": [], 
    "password": "pbkdf2_sha256$15000$VjbKJU5LOZNG$8pr/A51T3xGZ0MmtPDzl1GcR6GTn790c8c6xPSAROWc=", 
    "email": "me@mer.dsa", 
    "date_joined": "2015-02-05T18:39:33.713Z"
  }
},
{
  "pk": 15, 
  "model": "auth.user", 
  "fields": {
    "username": "s3f3vnjyevgndelt", 
    "first_name": "\u0418\u0432\u0430\u043d", 
    "last_name": "\u041f\u0435\u0442\u0440\u043e\u0432", 
    "is_active": true, 
    "is_superuser": false, 
    "is_staff": false, 
    "last_login": "2015-02-05T19:56:31.036Z", 
    "groups": [], 
    "user_permissions": [], 
    "password": "pbkdf2_sha256$15000$bUfMIHZeQpho$NHaQgbodBFM9JbU31KwuJ1bi8amHo9PPCFx4kLmRL08=", 
    "email": "jhfdw@asd.vf", 
    "date_joined": "2015-02-05T19:56:29.961Z"
  }
},
{
  "pk": 16, 
  "model": "auth.user", 
  "fields": {
    "username": "0ky1ui8fal54lg1e", 
    "first_name": "\u0418\u0432\u0430\u043d", 
    "last_name": "\u041f\u0435\u0442\u0440\u043e\u0432", 
    "is_active": true, 
    "is_superuser": false, 
    "is_staff": false, 
    "last_login": "2015-02-05T19:58:17.765Z", 
    "groups": [], 
    "user_permissions": [], 
    "password": "pbkdf2_sha256$15000$gs0ZHIwZiIL9$nyq1KJz/V81OGEdCTEeygs97WPBVMj8p3o4zKCXhKco=", 
    "email": "ivan@ivan.ivan", 
    "date_joined": "2015-02-05T19:58:16.841Z"
  }
},
{
  "pk": 1, 
  "model": "lector.lector", 
  "fields": {
    "user": 10
  }
},
{
  "pk": 2, 
  "model": "lector.lector", 
  "fields": {
    "user": 12
  }
},
{
  "pk": 3, 
  "model": "lector.lector", 
  "fields": {
    "user": 13
  }
},
{
  "pk": 4, 
  "model": "lector.lector", 
  "fields": {
    "user": 16
  }
},
{
  "pk": 1, 
  "model": "student.student", 
  "fields": {
    "semester": 4, 
    "user": 4, 
    "specialty": 1
  }
},
{
  "pk": 2, 
  "model": "student.student", 
  "fields": {
    "semester": 5, 
    "user": 5, 
    "specialty": 1
  }
},
{
  "pk": 3, 
  "model": "student.student", 
  "fields": {
    "semester": 6, 
    "user": 6, 
    "specialty": 1
  }
},
{
  "pk": 4, 
  "model": "student.student", 
  "fields": {
    "semester": 4, 
    "user": 7, 
    "specialty": 3
  }
},
{
  "pk": 5, 
  "model": "student.student", 
  "fields": {
    "semester": 4, 
    "user": 8, 
    "specialty": 3
  }
},
{
  "pk": 6, 
  "model": "student.student", 
  "fields": {
    "semester": 4, 
    "user": 9, 
    "specialty": 3
  }
},
{
  "pk": 7, 
  "model": "student.student", 
  "fields": {
    "semester": 7, 
    "user": 11, 
    "specialty": 1
  }
},
{
  "pk": 8, 
  "model": "student.student", 
  "fields": {
    "semester": 2, 
    "user": 14, 
    "specialty": 1
  }
},
{
  "pk": 9, 
  "model": "student.student", 
  "fields": {
    "semester": 1, 
    "user": 15, 
    "specialty": 2
  }
}
]
